SYMBOL,DATE,OPEN,HIGH,LOW,CLOSE,VOLUME
AAL,1/2/2014,25.07,25.82,25.06,25.36,8998943
AAPL,1/2/2014,79.3828,79.5756,78.8601,79.0185,58791957
AAP,1/2/2014,110.36,111.88,109.29,109.74,542711
ABBV,1/2/2014,52.12,52.33,51.52,51.98,4569061
ABC,1/2/2014,70.11,70.23,69.48,69.89,1148391
ABT,1/2/2014,38.09,38.4,38,38.23,4967472
ACN,1/2/2014,81.5,81.92,81.09,81.13,2405384
ADBE,1/2/2014,59.06,59.53,58.94,59.29,2746370
ADI,1/2/2014,49.52,49.75,49.04,49.28,2799092
ADM,1/2/2014,43.22,43.29,42.79,42.99,2753765
ADP,1/2/2014,80.17,80.45,79.38,79.86,1965869
ADSK,1/2/2014,49.33,49.74,48.88,49.25,2488043
ADS,1/2/2014,262.44,262.68,258.78,262.34,547808
AEE,1/2/2014,36.05,36.11,35.47,35.53,1394264
AEP,1/2/2014,46.98,47.06,46.04,46.13,2752002
AES,1/2/2014,14.51,14.56,14.19,14.27,3987216
AET,1/2/2014,68.21,68.6,67.52,67.56,1650687
AFL,1/2/2014,66.63,66.694,65.81,65.96,1914657
AGN,1/2/2014,167.33,170.71,166.5937,168.05,1268722
AIG,1/2/2014,50.81,51.3,50.47,50.71,9198092
AIV,1/2/2014,25.9,26.14,25.66,25.91,844901
AIZ,1/2/2014,66.04,66.19,65.15,65.32,375524
AJG,1/2/2014,46.67,46.89,46.09,46.15,483694
AKAM,1/2/2014,47.11,47.1799,46.42,46.53,935107
ALB,1/2/2014,63.38,63.6,62.6,63.14,548782
ALGN,1/2/2014,57.06,57.37,56.43,56.96,437600
ALK,1/2/2014,36.665,36.965,36.275,36.59,900234
ALLE,1/2/2014,44.08,44.18,43.27,43.65,992872
ALL,1/2/2014,54.09,54.45,53.5,53.55,1909106
ALXN,1/2/2014,132.46,133.82,130.54,133.44,760197
AMAT,1/2/2014,17.69,17.69,17.37,17.55,7785873
AMD,1/2/2014,3.85,3.98,3.84,3.95,20569754
AME,1/2/2014,52.43,52.52,51.9,52.09,570244
AMGN,1/2/2014,114.36,116.19,114.06,115.795,2529728
AMG,1/2/2014,215.92,216.69,211.79,213.38,285563
AMP,1/2/2014,114.58,114.81,113.42,113.88,783767
AMT,1/2/2014,79.51,79.74,78.85,79.45,1701345
AMZN,1/2/2014,398.8,399.36,394.02,397.97,2140246
ANDV,1/2/2014,58.2,59.07,57.2601,57.96,2868883
ANSS,1/2/2014,86.44,87.15,85.29,86.01,276882
ANTM,1/2/2014,92,92.01,90.62,90.63,1432038
AON,1/2/2014,83.36,83.7,82.26,82.36,1209157
AOS,1/2/2014,26.965,26.99,26.535,26.66,1296914
APA,1/2/2014,85.82,85.97,85.16,85.48,2565384
APC,1/2/2014,79.03,79.03,78.01,78.56,3352844
APD,1/2/2014,111.56,111.95,111.11,111.44,839074
APH,1/2/2014,44.365,44.395,43.73,43.87,883640
ARE,1/2/2014,63.34,64.11,62.93,63.73,402659
ARNC,1/2/2014,31.59,31.74,30.93,31.59,7432953
ATVI,1/2/2014,17.91,18.075,17.8,18.07,6620855
AVB,1/2/2014,118.25,119.26,117.68,118.24,901928
AVGO,1/2/2014,52.85,52.88,51.89,52.65,1453732
AVY,1/2/2014,50.09,50.19,49.445,49.61,645964
AWK,1/2/2014,42.01,42.0899,41.5,41.58,788839
AXP,1/2/2014,90.9,91.08,89.38,89.45,5120019
AYI,1/2/2014,109.22,109.26,106.84,107.65,254146
AZO,1/2/2014,477.67,479.7,472.51,474.11,151840
A,1/2/2014,57.1,57.1,56.15,56.21,1916160
BAC,1/2/2014,15.69,16.16,15.68,16.1,149225696
BAX,1/2/2014,69.54,69.68,69.04,69.19,2069974
BA,1/2/2014,136.01,137.25,135.51,136.67,3368009
BBT,1/2/2014,37.18,37.18,36.7,36.77,3185617
BBY,1/2/2014,39.75,41,39.62,40.5,4019318
BDX,1/2/2014,110.41,110.41,108.79,109.14,665048
BEN,1/2/2014,57.36,57.56,56.405,56.72,1098073
BF.B,1/2/2014,37.775,37.84,37.005,37.325,704366
BIIB,1/2/2014,279.44,282.515,276.21,280.33,902226
BK,1/2/2014,34.3,35.03,34.3,34.56,3469457
BLK,1/2/2014,315.38,315.38,310.4699,312.8,396548
BLL,1/2/2014,25.625,25.81,25.5625,25.705,1234874
BMY,1/2/2014,52.52,53.16,52.14,52.27,5654293
BRK.B,1/2/2014,118.34,118.5,117.36,117.5,3087000
BSX,1/2/2014,12.02,12.02,11.85,11.91,7971602
BWA,1/2/2014,55.89,55.96,54.59,54.94,1301497
BXP,1/2/2014,100.22,101.36,99.55,100.39,894806
CAG,1/2/2014,33.66,33.73,33.46,33.57,1904047
CAH,1/2/2014,66.45,66.6475,65.91,66.13,1608509
CAT,1/2/2014,90.41,90.45,89.33,89.87,4898714
CA,1/2/2014,33.49,33.56,33.02,33.15,1948770
CBG,1/2/2014,26.27,26.55,26.07,26.34,2607046
CBOE,1/2/2014,51.89,51.9789,50.76,50.98,522121
CBS,1/2/2014,63.25,63.73,62.41,63.25,6722968
CB,1/2/2014,102.78,103.39,101.33,101.7,1112627
CCI,1/2/2014,73.14,73.2,71.23,71.63,3659722
CCL,1/2/2014,39.64,39.995,39.61,39.81,2953583
CDNS,1/2/2014,14,14.08,13.92,14.01,3118223
CELG,1/2/2014,84.505,86.17,84.085,85.97,4759036
CERN,1/2/2014,55.48,55.6,54.82,55.07,1111541
CF,1/2/2014,46.606,47.36,46.4588,46.738,3460110
CHD,1/2/2014,33.13,33.155,32.61,32.75,1035860
CHK,1/2/2014,27.07,27.22,26.45,26.62,7040026
CHRW,1/2/2014,58.21,58.48,57.61,57.82,1503287
CHTR,1/2/2014,137.15,137.6799,134.48,134.755,1119877
CINF,1/2/2014,52.15,52.185,51.25,51.45,541030
CI,1/2/2014,86.99,87.45,86.19,86.2,1021731
CLX,1/2/2014,92.75,92.75,90.65,91.16,1353357
CL,1/2/2014,64.89,65.03,64,64.3,3004468
CMA,1/2/2014,47.24,47.43,46.84,46.85,1094704
CMCSA,1/2/2014,25.9,25.95,25.635,25.725,19522498
CME,1/2/2014,77.96,78.75,77.32,77.96,2070876
CMG,1/2/2014,530,532.9599,521.53,523.43,456491
CMI,1/2/2014,140.43,140.98,138.28,138.56,1533605
CMS,1/2/2014,26.8,26.8,26.205,26.3,2218229
CNC,1/2/2014,29.48,29.64,29.215,29.52,1005594
CNP,1/2/2014,23.17,23.29,22.81,22.82,2980414
COF,1/2/2014,76.61,77.73,76.6,77.25,3070336
COG,1/2/2014,38.57,39.3,37.98,38.17,4825062
COL,1/2/2014,74,74,72.952,73.11,731153
COO,1/2/2014,123.25,123.97,122.29,123.05,320701
COP,1/2/2014,70.27,70.92,69.53,69.78,4363288
COST,1/2/2014,118.71,119.3,117.74,117.81,1618678
COTY,1/2/2014,15.27,15.62,15.16,15.57,783829
CPB,1/2/2014,43.08,43.23,42.68,43.04,2169184
CRM,1/2/2014,55.2,55.21,54.4105,54.86,2739210
CSCO,1/2/2014,22.17,22.29,21.91,22,44387713
CSX,1/2/2014,28.61,28.67,28.19,28.25,4485698
CTAS,1/2/2014,59.25,59.37,58.68,59.06,580415
CTL,1/2/2014,31.74,31.82,31.51,31.65,4446283
CTSH,1/2/2014,50.125,50.375,49.215,49.42,5559598
CTXS,1/2/2014,63.04,63.19,61.97,62.49,1018355
CVS,1/2/2014,71.16,71.37,70.18,70.4,4489516
CVX,1/2/2014,124.46,124.88,123.71,124.14,4540472
CXO,1/2/2014,106.44,108.84,101.42,103.14,1815364
C,1/2/2014,52.03,52.4,51.81,52.27,16489767
DAL,1/2/2014,27.26,28.05,27.26,27.7,11704363
DE,1/2/2014,90.95,91.3,90.13,90.26,2462047
DFS,1/2/2014,55.79,56,55.14,55.36,2756625
DGX,1/2/2014,53.45,53.5,52.75,52.85,2857287
DG,1/2/2014,60.38,61.62,60.38,61.2,6018218
DHI,1/2/2014,21.81,22.035,21.635,21.83,6140313
DHR,1/2/2014,76.66,77.01,76.1,76.45,2010443
DISCA,1/2/2014,90.21,90.25,88.6,89.1,893462
DISCK,1/2/2014,83.22,83.67,82.13,82.52,184546
DISH,1/2/2014,57.99,58.15,57.02,57.75,1724368
DIS,1/2/2014,76.04,76.5,75.9,76.27,5212460
DLR,1/2/2014,49.63,50.829,49.3,49.47,2583986
DLTR,1/2/2014,55.99,56.56,55.98,56.4,2424218
DOV,1/2/2014,96.54,96.74,94.93,95.25,647793
DPS,1/2/2014,48.86,48.93,47.48,47.67,1182288
DRE,1/2/2014,15.25,15.25,14.97,15.05,2550464
DRI,1/2/2014,54.18,54.34,53.295,53.32,1782716
DTE,1/2/2014,66.4,66.44,65.22,65.26,1415319
DUK,1/2/2014,69.2,69.24,68,68.14,3374033
DVA,1/2/2014,63.36,65.16,63.19,64.78,2901903
DVN,1/2/2014,61.69,61.84,60.92,61.16,2061600
D,1/2/2014,64.61,64.64,63.441,63.58,2284519
EA,1/2/2014,22.9,22.96,22.43,22.83,3550732
EBAY,1/2/2014,54.97,55,53.9,53.94,9980763
ECL,1/2/2014,103.58,104.42,103.41,103.79,814936
ED,1/2/2014,55.15,55.15,53.9,53.96,3337195
EFX,1/2/2014,68.95,69.25,68.2,68.45,336346
EIX,1/2/2014,46.06,46.491,45.41,45.43,2414961
EL,1/2/2014,74.99,75.1,73.56,73.71,1084018
EMN,1/2/2014,80.31,80.53,79.88,80.28,1612922
EMR,1/2/2014,69.83,70.03,69.1006,69.3,1803110
EOG,1/2/2014,83.285,83.978,82.03,82.51,2944140
EQIX,1/2/2014,177.63,177.63,171.91,174.76,823185
EQR,1/2/2014,51.74,52.305,51.55,51.99,1520619
EQT,1/2/2014,89.88,90.19,88.12,88.73,807841
ESRX,1/2/2014,70,70.41,69.77,69.955,2895590
ESS,1/2/2014,141.79,147.54,141.79,146.3,725431
ES,1/2/2014,42.35,42.42,41.7,41.72,2915300
ETFC,1/2/2014,19.71,19.86,19.58,19.81,3115394
ETN,1/2/2014,75.74,75.99,75.18,75.49,3774166
ETR,1/2/2014,63.35,63.39,61.71,61.84,1206645
EW,1/2/2014,32.84,33.22,32.595,32.96,1670338
EXC,1/2/2014,27.46,27.58,27.16,27.17,4983758
EXPD,1/2/2014,44.31,44.48,43.34,43.49,782942
EXPE,1/2/2014,69.08,69.69,68.56,69.21,1399901
EXR,1/2/2014,42.09,42.15,41.48,41.79,491126
FAST,1/2/2014,47.51,47.61,46.45,46.7,1532639
FBHS,1/2/2014,45.5,46.04,45.2,45.43,1024930
FB,1/2/2014,54.83,55.22,54.19,54.71,43257622
FCX,1/2/2014,37.69,38.09,37.44,37.63,9047737
FDX,1/2/2014,142.9,144.39,139.5693,139.77,3360745
FE,1/2/2014,32.96,32.98,32.25,32.38,3431905
FFIV,1/2/2014,90.42,90.47,88.445,88.89,1039619
FISV,1/2/2014,59.05,59.22,57.99,58.2,1028767
FIS,1/2/2014,53.4,53.55,52.79,53,986757
FITB,1/2/2014,20.94,21.06,20.83,20.87,6971216
FLIR,1/2/2014,29.92,30.01,29.07,29.11,781424
FLR,1/2/2014,79.82,80.2,78.79,78.87,1206471
FLS,1/2/2014,78.17,78.46,76.99,77.3,1400867
FL,1/2/2014,41.36,41.52,40.59,40.78,1559184
FMC,1/2/2014,75.27,75.38,74.33,74.53,605886
FOXA,1/2/2014,35.47,35.75,35.27,35.63,11035482
FOX,1/2/2014,34.58,35.18,34.45,35.04,1978530
FRT,1/2/2014,101.38,101.84,100.366,100.9,501833
FTI,1/2/2014,51.94,52.21,50.861,51.25,1964533
F,1/2/2014,15.42,15.45,15.28,15.44,31544161
GD,1/2/2014,94.85,95.53,94.54,94.75,1816353
GE,1/2/2014,27.86,27.94,27.41,27.5,41503781
GGP,1/2/2014,20.08,20.12,19.86,20.04,4861847
GILD,1/2/2014,75.205,75.59,74.39,75.21,8281053
GIS,1/2/2014,49.6,49.68,49.27,49.4,2205527
GLW,1/2/2014,17.74,17.81,17.62,17.77,7571718
GM,1/2/2014,40.68,41.0599,40.34,40.95,14764415
GOOGL,1/2/2014,558.2877,559.4339,554.6842,557.1166,3641796
GPC,1/2/2014,83.1,83.1299,81.63,81.92,545102
GPN,1/2/2014,32.445,32.745,32.445,32.725,1658578
GPS,1/2/2014,39.09,39.63,38.66,38.72,4785190
GRMN,1/2/2014,45.75,45.835,44.56,44.95,1830255
GS,1/2/2014,176.95,178.38,176.36,176.89,1990643
GT,1/2/2014,23.67,23.74,23.31,23.53,2792843
GWW,1/2/2014,254.7,255.48,252.82,253.06,285125
HAL,1/2/2014,50.47,50.67,49.63,50.01,7420119
HAS,1/2/2014,54.89,55.18,54.56,54.58,2326340
HBAN,1/2/2014,9.6,9.66,9.53,9.54,7039144
HBI,1/2/2014,17.455,17.54,17.205,17.3875,2123404
HCA,1/2/2014,47.39,48.4,47.26,47.77,2221061
HCN,1/2/2014,53.15,53.6855,53.08,53.54,2575096
HCP,1/2/2014,36.33,36.43,36,36.21,2100032
HD,1/2/2014,82.11,82.57,81.8,82.02,4255086
HES,1/2/2014,82.95,83,80.685,81.12,2755967
HIG,1/2/2014,36.1,36.13,35.38,35.4,3545824
HII,1/2/2014,89.63,90.08,87.42,87.91,479111
HOG,1/2/2014,69.19,69.25,68.42,68.56,1022542
HOLX,1/2/2014,22.22,22.3,21.91,21.94,2475125
HON,1/2/2014,90.96,91.14,90.05,90.32,1744307
HP,1/2/2014,83.95,84.28,82.03,82.25,953505
HRB,1/2/2014,28.99,29.41,28.95,29.38,1835433
HRL,1/2/2014,22.555,22.585,22.315,22.315,1371966
HRS,1/2/2014,69.63,69.65,68.08,68.48,601686
HSIC,1/2/2014,57.005,57.13,56.495,56.745,693768
HST,1/2/2014,19.41,19.42,19.08,19.26,4973190
HSY,1/2/2014,97.18,97.18,95.9,95.93,753497
HUM,1/2/2014,102.76,103.88,102.3,102.84,1393665
IBM,1/2/2014,187.21,187.4,185.2,185.53,4546809
ICE,1/2/2014,44.832,45.098,44.43,44.92,3833350
IDXX,1/2/2014,52.995,53.735,52.3176,52.515,855188
IFF,1/2/2014,85.98,86.5,85.47,85.65,346558
ILMN,1/2/2014,110.48,110.6,108.91,110.34,654500
INCY,1/2/2014,50.32,52.1,49.655,51.23,978188
INTC,1/2/2014,25.78,25.82,25.47,25.79,31843697
INTU,1/2/2014,76.11,76.16,75.4001,75.94,1355681
IPG,1/2/2014,17.6,17.665,17.47,17.6,3238010
IP,1/2/2014,48.58,49.15,48.54,48.8,2152672
IQV,1/2/2014,46.11,46.59,45.64,45.8,274612
IRM,1/2/2014,30.26,30.48,29.22,29.49,1886423
IR,1/2/2014,61.25,61.7,61.12,61.24,1916195
ISRG,1/2/2014,127.8799,127.8799,126.0899,126.6699,1382829
ITW,1/2/2014,83.97,84.1,83.07,83.19,1390787
IT,1/2/2014,70.89,70.92,69.58,69.8,377433
IVZ,1/2/2014,36.26,36.4,35.675,35.87,1866179
JBHT,1/2/2014,77.17,77.29,76.26,76.6,538630
JCI,1/2/2014,42.8063,43.0157,42.3665,42.5759,2881549
JEC,1/2/2014,63.67,64.1,62.655,62.88,1545713
JNJ,1/2/2014,91.14,91.73,91.01,91.03,5921167
JNPR,1/2/2014,22.57,22.65,22.28,22.48,5654017
JPM,1/2/2014,58.31,58.5,57.9745,58.21,15637267
JWN,1/2/2014,61.67,62.2,61.34,61.95,1177814
KEY,1/2/2014,13.43,13.44,13.26,13.29,6353925
KIM,1/2/2014,19.77,19.86,19.61,19.77,2627327
KLAC,1/2/2014,64,64.11,63.13,63.38,982745
KMB,1/2/2014,104.32,104.62,103.52,103.84,1432910
KMI,1/2/2014,35.99,36.25,35.75,35.91,4214292
KMX,1/2/2014,47.02,47.25,46.57,46.9,1325121
KORS,1/2/2014,80.94,82.75,80.94,82.41,3342211
KO,1/2/2014,41.12,41.225,40.51,40.66,12720197
KR,1/2/2014,19.63,19.77,19.605,19.64,6389552
KSS,1/2/2014,56.76,57.53,56.735,56.99,3130048
KSU,1/2/2014,123.04,123.21,119.46,120,801815
K,1/2/2014,60.98,61.24,60.55,60.81,1830452
LB,1/2/2014,61.68,62.52,61.41,61.59,745300
LEG,1/2/2014,30.87,30.92,30.54,30.66,713229
LEN,1/2/2014,38.3922,38.7941,38.0196,38.6471,2517275
LH,1/2/2014,91.37,91.6299,90.045,90.23,1060349
LKQ,1/2/2014,32.84,32.8997,32.29,32.4,790694
LLL,1/2/2014,106.07,106.28,104.94,105.08,720066
LLY,1/2/2014,50.97,51.0901,50.56,50.73,3176683
LMT,1/2/2014,147.05,147.79,145.84,146.07,1115858
LNC,1/2/2014,51.33,51.34,50.28,50.53,1767432
LNT,1/2/2014,25.805,25.805,25.345,25.39,1103324
LOW,1/2/2014,49.55,49.86,49.15,49.44,5458567
LRCX,1/2/2014,54.04,54.33,53.69,53.95,1052918
LUK,1/2/2014,28.37,28.65,28.24,28.5,1237210
LUV,1/2/2014,18.85,19.09,18.78,18.88,4559256
LYB,1/2/2014,80.05,80.2099,77.9,78.78,4922706
L,1/2/2014,48.12,48.15,47.15,47.38,868993
MAA,1/2/2014,60.74,61.43,60.472,61.06,345293
MAC,1/2/2014,58.69,58.825,57.84,58.38,767845
MAR,1/2/2014,49.03,49.26,48.57,48.96,2127020
MAS,1/2/2014,22.73,22.91,22.61,22.69,2330880
MAT,1/2/2014,47.57,47.72,46.935,47.39,2335717
MA,1/2/2014,83.741,83.7967,83.01,83.414,7408790
MCD,1/2/2014,96.81,97.03,96.2576,96.41,2932283
MCHP,1/2/2014,44.56,44.56,44.005,44.17,1150289
MCK,1/2/2014,160.85,160.9875,159.451,160.16,846980
MCO,1/2/2014,77.86,77.96,76.42,77.32,950687
MDLZ,1/2/2014,35.03,35.198,34.75,34.81,6213092
MDT,1/2/2014,57.21,57.455,57.035,57.24,4219216
MET,1/2/2014,53.55,53.57,52.89,53.19,3879875
MGM,1/2/2014,23.54,23.94,23.32,23.72,8408771
MHK,1/2/2014,148.72,149.66,147.78,149.11,676997
MKC,1/2/2014,68.87,68.96,68.09,68.34,470695
MLM,1/2/2014,99.54,100.18,98.74,99.54,393209
MMC,1/2/2014,48.01,48.15,47.61,47.72,1383352
MMM,1/2/2014,138.05,139,137.61,138.13,3053521
MNST,1/2/2014,22.6266,22.6633,22.2166,22.26,4593288
MON,1/2/2014,116.12,117.5,115.97,116.31,2677114
MOS,1/2/2014,47.25,47.65,46.955,47,1648763
MO,1/2/2014,38.27,38.38,37.781,37.9,6324825
MPC,1/2/2014,45.745,45.91,44.4151,44.74,6070238
MRK,1/2/2014,49.88,50.04,49.3,49.49,7897827
MRO,1/2/2014,35.25,35.33,34.72,34.91,3686485
MSFT,1/2/2014,37.35,37.4,37.1,37.16,30643745
MSI,1/2/2014,67.37,67.49,65.84,66.33,1101567
MS,1/2/2014,31.33,31.46,30.98,31.03,9843424
MTB,1/2/2014,116.38,116.4,114.86,115.06,1069011
MTD,1/2/2014,241.09,243.19,239.92,241.53,154360
MU,1/2/2014,21.68,21.79,21.27,21.66,26441939
MYL,1/2/2014,43.38,43.42,42.55,42.58,2625267
M,1/2/2014,53.17,53.91,52.95,53.39,2972778
NBL,1/2/2014,67.86,67.95,66.1101,66.59,2281302
NCLH,1/2/2014,35.16,35.4,34.46,34.64,428429
NDAQ,1/2/2014,39.89,39.96,39.15,39.2,1051348
NEE,1/2/2014,85.39,85.48,84.22,84.25,2429054
NEM,1/2/2014,23.47,24.27,23.41,23.96,12240365
NFLX,1/2/2014,52.4014,52.5114,51.5428,51.8314,12333979
NFX,1/2/2014,24.6,24.7,24.12,24.37,2507893
NI,1/2/2014,32.84,32.91,32.11,32.29,2244773
NKE,1/2/2014,39.075,39.415,38.965,39.12,5320436
NLSN,1/2/2014,45.8,45.9,44.88,45.08,1904066
NOC,1/2/2014,114.18,114.49,112.76,113.23,1083625
NOV,1/2/2014,79.4,80.26,78.73,79.02,2505462
NRG,1/2/2014,28.74,28.78,28.5,28.58,3896367
NSC,1/2/2014,92.33,92.59,91.07,91.31,1321650
NTAP,1/2/2014,41.01,41.01,40.415,40.42,2427140
NTRS,1/2/2014,61.76,61.95,60.665,60.89,1011050
NUE,1/2/2014,53.29,53.38,52.51,52.73,1611326
NVDA,1/2/2014,15.92,15.98,15.72,15.86,6502296
NWL,1/2/2014,32.4,32.4,31.99,32.18,1563687
NWSA,1/2/2014,18.05,18.17,17.815,17.95,3673373
NWS,1/2/2014,17.84,18.03,17.76,17.89,758530
OKE,1/2/2014,62.15,62.15,61.0696,61.18,1096077
OMC,1/2/2014,74.52,74.78,73.83,74,1078995
ORCL,1/2/2014,37.78,38.03,37.55,37.84,18163750
ORLY,1/2/2014,128.42,129.64,128.2,128.76,537637
OXY,1/2/2014,94.51,94.84,93.41,93.85,2765153
O,1/2/2014,37.38,37.41,37.005,37.35,1632128
PAYX,1/2/2014,45.44,45.54,44.95,45.06,1853847
PBCT,1/2/2014,15.08,15.17,14.96,15.01,2828870
PCAR,1/2/2014,58.94,59,58.22,58.51,1077979
PCG,1/2/2014,40.36,40.37,39.66,39.66,2366352
PCLN,1/2/2014,1159.97,1161.29,1140,1145.44,654396
PDCO,1/2/2014,41.09,41.28,40.64,40.8,577867
PEG,1/2/2014,31.91,31.93,31.31,31.33,3323021
PEP,1/2/2014,82.93,82.99,81.82,82.1,3276752
PFE,1/2/2014,30.47,30.6,30.33,30.46,17438787
PFG,1/2/2014,48.96,49.1,48.35,48.62,1014181
PGR,1/2/2014,27.29,27.3,26.67,26.72,2569518
PG,1/2/2014,81.33,81.36,80.32,80.54,6985476
PHM,1/2/2014,20.25,20.34,19.86,20.08,5616884
PH,1/2/2014,128.1,128.78,126.99,127.24,806784
PKG,1/2/2014,63,63.815,63,63.25,634820
PKI,1/2/2014,40.99,41.39,40.86,40.94,832589
PLD,1/2/2014,36.99,37.01,36.5499,36.91,1985472
PM,1/2/2014,87,87.2,85.75,86.02,3760670
PNC,1/2/2014,76.06,77.22,76.06,76.6,1742055
PNR,1/2/2014,77.35,77.686,76.42,76.87,1063549
PNW,1/2/2014,53,53,52.04,52.05,1210532
PPG,1/2/2014,94.75,95.145,94.265,94.47,1368442
PPL,1/2/2014,30.13,30.13,29.64,29.65,4663954
PRGO,1/2/2014,152.45,154.52,152.11,153.1,1209456
PRU,1/2/2014,91.5,91.64,90.09,90.76,1694875
PSA,1/2/2014,150.49,150.49,148.04,148.95,665493
PSX,1/2/2014,77.17,77.32,76.36,76.45,2861834
PVH,1/2/2014,135.76,137.66,135.49,136.58,817684
PWR,1/2/2014,31.37,31.57,31.25,31.29,959400
PXD,1/2/2014,182.95,182.95,175,176.53,2083434
PX,1/2/2014,129.14,129.92,128.74,129.5,777690
QCOM,1/2/2014,73.61,73.77,73.255,73.32,10110167
RCL,1/2/2014,47.17,47.38,46.9,47.17,813965
REGN,1/2/2014,275.77,277.6,269.74,274.59,553014
REG,1/2/2014,46.28,46.34,45.41,45.97,609032
RE,1/2/2014,155.05,155.3899,149.6,151.07,547822
RF,1/2/2014,9.86,9.99,9.83,9.89,12170235
RHI,1/2/2014,41.72,41.9,41.36,41.37,749056
RHT,1/2/2014,55.95,56,55.39,55.83,1122485
RJF,1/2/2014,52.33,52.34,51.235,51.55,466241
RL,1/2/2014,175.44,176.88,174.93,175.37,750575
RMD,1/2/2014,47.01,47.01,46.13,46.2,773438
ROK,1/2/2014,117.62,117.9897,116.011,116.38,479119
ROP,1/2/2014,138.53,138.53,137.3192,138.08,359433
ROST,1/2/2014,37.175,37.675,37,37.135,3027234
RRC,1/2/2014,83.13,84.28,81.08,81.74,1996492
RSG,1/2/2014,33.2,33.3,32.91,32.96,1812723
RTN,1/2/2014,90.16,90.16,88.33,88.78,1501605
SBAC,1/2/2014,89.2,89.69,87.66,88.42,1314064
SBUX,1/2/2014,39.035,39.135,38.5025,38.585,8528022
SCG,1/2/2014,47.17,47.3,45.97,46.03,1001867
SCHW,1/2/2014,25.99,26.05,25.7,25.82,4618557
SEE,1/2/2014,34.02,34.04,33.46,33.73,1111962
SHW,1/2/2014,182.03,183,180.69,182.41,515691
SIG,1/2/2014,78.71,79.53,78.33,78.71,769019
SJM,1/2/2014,103.64,103.65,101.83,102.03,878923
SLB,1/2/2014,89.48,90.115,88.61,88.82,4958526
SLG,1/2/2014,92.17,92.77,91.18,91.98,614582
SNA,1/2/2014,109.28,109.67,108.14,108.55,252505
SNI,1/2/2014,85.68,86.62,85.04,85.48,582039
SNPS,1/2/2014,40.33,40.6,40.06,40.42,802775
SO,1/2/2014,41.13,41.13,40.59,40.69,5514769
SPGI,1/2/2014,77.44,77.78,76.53,77.75,1293116
SPG,1/2/2014,152.39,153.27,151.02,152.09,1378535
SRCL,1/2/2014,115.28,116.23,114.81,114.88,382978
SRE,1/2/2014,89.55,89.67,88.13,88.44,1495162
STI,1/2/2014,36.82,36.86,36.49,36.52,2241388
STT,1/2/2014,73.35,73.555,72.92,73.16,1733439
STX,1/2/2014,55.93,55.93,55.08,55.41,3023543
STZ,1/2/2014,70.02,70.225,68.84,69.24,1070520
SWKS,1/2/2014,28.3,28.34,27.2,27.4,3534856
SWK,1/2/2014,80.57,80.79,79.68,80.18,715610
SYK,1/2/2014,75.12,75.12,74.4,74.63,1204442
SYMC,1/2/2014,23.44,23.5,23.295,23.46,4439549
SYY,1/2/2014,36.9,36.9,35.82,35.92,6722624
TAP,1/2/2014,55.95,56.05,54.85,55.22,1352710
TDG,1/2/2014,160.6,160.6,158.87,159.57,527923
TEL,1/2/2014,54.89,54.99,54.36,54.45,1557227
TGT,1/2/2014,63.53,64.17,63.14,63.18,7426855
TIF,1/2/2014,92.2,93.64,92.04,92.55,862065
TJX,1/2/2014,63.36,64.33,63.19,63.48,2098457
TMK,1/2/2014,52.12,52.12,51.3867,51.62,578291
TMO,1/2/2014,110.69,111.16,109.29,109.63,2559028
TPR,1/2/2014,56.15,56.65,55.635,55.91,3448174
TRIP,1/2/2014,82.48,82.5,79.4,80.48,1995592
TROW,1/2/2014,83.58,83.755,82.19,82.56,1113643
TRV,1/2/2014,90.51,90.655,88.97,89.33,1543919
TSCO,1/2/2014,77.6,77.716,76.13,76.8,855339
TSN,1/2/2014,33.52,33.53,33.09,33.17,2001435
TSS,1/2/2014,33.23,33.23,32.69,32.79,1045110
TWX,1/2/2014,69.47,69.56,68.41,68.73,4734175
TXN,1/2/2014,43.44,43.5,42.88,43.1,6959175
TXT,1/2/2014,36.75,36.75,36.185,36.29,1467225
T,1/2/2014,35.24,35.29,34.95,34.95,20233147
UAA,1/2/2014,21.825,22.0075,21.6175,21.745,2992552
UAL,1/2/2014,37.7,38.13,37.5,37.73,2228357
UDR,1/2/2014,23.31,23.57,23.1,23.27,1427884
UHS,1/2/2014,80.84,81.89,80.2,80.62,544022
ULTA,1/2/2014,96.21,98.26,95.7,95.91,1619126
UNH,1/2/2014,74.91,75.29,74.51,74.57,3066950
UNM,1/2/2014,34.93,34.99,34.26,34.33,1205788
UNP,1/2/2014,84.2,84.91,83.32,83.555,4693952
UPS,1/2/2014,104.63,104.91,102.82,103.32,2799674
URI,1/2/2014,77.27,77.73,75.51,76.49,1292009
USB,1/2/2014,39.87,40.07,39.45,39.89,7045826
UTX,1/2/2014,112.9,113.21,112.31,112.49,2649693
VAR,1/2/2014,77.61,77.86,77.25,77.34,826123
VFC,1/2/2014,63.02,63.45,62,62.38,1769940
VIAB,1/2/2014,87.45,87.57,86.69,86.95,1613286
VLO,1/2/2014,50.14,50.5,49.57,49.87,4582849
VMC,1/2/2014,59.34,59.4096,58.51,58.68,497048
VNO,1/2/2014,89.16,89.29,87.82,88.64,783944
VRSK,1/2/2014,65.27,65.57,64.75,65.12,683322
VRSN,1/2/2014,59.74,60.16,59.41,60.02,1871867
VRTX,1/2/2014,74.07,74.15,72.88,73.83,966843
VTR,1/2/2014,56.95,57.219,56.43,56.82,1513084
VZ,1/2/2014,49.08,49.225,48.95,49,9271213
V,1/2/2014,55.385,55.5075,54.875,55.2525,10668220
WAT,1/2/2014,100,100.17,99,99.22,335610
WBA,1/2/2014,57.2,57.25,56.52,56.63,5376471
WDC,1/2/2014,83.79,83.83,82.58,82.68,1592769
WEC,1/2/2014,41.42,41.46,40.59,40.73,1355220
WFC,1/2/2014,45.15,45.3,44.91,45.02,17344590
WHR,1/2/2014,156.52,157.11,155.11,156.03,407749
WMB,1/2/2014,38.39,38.64,38.05,38.28,6257569
WMT,1/2/2014,78.72,79.47,78.5,78.91,6911859
WM,1/2/2014,44.79,44.8,44.1,44.2,1507563
WU,1/2/2014,17.22,17.25,16.96,17.03,5537982
WYNN,1/2/2014,194.14,199.88,193.12,197.94,3056065
WYN,1/2/2014,73.39,73.87,72.98,73.52,1284942
WY,1/2/2014,31.38,31.58,31.167,31.27,2749463
XEC,1/2/2014,102.78,104.59,99.48,100.52,1153133
XEL,1/2/2014,27.91,27.94,27.5,27.51,3192314
XLNX,1/2/2014,46.679,46.7,45.9,45.97,3437019
XL,1/2/2014,31.71,31.85,31.22,31.25,2027744
XOM,1/2/2014,100.18,100.76,99.385,99.75,11030125
XRAY,1/2/2014,47.94,48.3075,47.7821,47.96,1025448
XRX,1/2/2014,48.36,48.44,47.08,47.64,2620351
XYL,1/2/2014,34.39,34.5,33.99,34.16,765141
YUM,1/2/2014,75.38,75.61,74.83,75.09,1956285
ZBH,1/2/2014,92.63,92.82,91.97,92.24,868763
ZION,1/2/2014,29.9,29.98,29.62,29.65,1356738
ZTS,1/2/2014,32.53,32.66,32.11,32.36,2576112
AAL,1/3/2014,25.75,26.75,25.51,26.54,13836062
AAPL,1/3/2014,78.9799,79.0999,77.2042,77.2828,98303870
AAP,1/3/2014,111.23,114.33,110.58,112.88,987718
ABBV,1/3/2014,52.25,52.665,51.9675,52.3,4794591
ABC,1/3/2014,69.89,70.21,69.81,69.94,1101319
ABT,1/3/2014,38.37,38.78,38.27,38.64,4301604
ACN,1/3/2014,81.21,81.82,81.09,81.4,1812566
ADBE,1/3/2014,59.19,59.685,59.11,59.16,1588951
ADI,1/3/2014,49.27,49.79,49.14,49.61,1644748
ADM,1/3/2014,43.1,43.38,42.88,43.19,2275519
ADP,1/3/2014,80.21,81.37,80,80.73,1948060
ADSK,1/3/2014,49.11,49.5,48.78,48.9,1934150
ADS,1/3/2014,263.1,265.3499,262.36,263.7,497953
AEE,1/3/2014,35.63,35.69,35.215,35.4,1206534
AEP,1/3/2014,46.25,46.418,45.8,46.11,2419159
AES,1/3/2014,14.28,14.35,14.11,14.2,4104721
AET,1/3/2014,67.68,68.26,67.67,67.85,810769
AFL,1/3/2014,66.08,66.54,66.045,66.15,1279123
AGN,1/3/2014,167.52,168.66,166.38,168.02,615628
AIG,1/3/2014,50.67,51.23,50.61,50.92,7278160
AIV,1/3/2014,25.87,26.1,25.78,25.91,1206160
AIZ,1/3/2014,65.5,66.03,65.21,65.72,567774
AJG,1/3/2014,46.11,46.34,46.05,46.16,282512
AKAM,1/3/2014,46.68,46.96,46.27,46.45,960420
ALB,1/3/2014,63.24,63.34,62.78,63.25,401958
ALGN,1/3/2014,57.02,57.53,56.615,57.17,331336
ALK,1/3/2014,37.145,37.455,36.925,37.26,1615220
ALLE,1/3/2014,43.57,44.32,43.17,43.96,378396
ALL,1/3/2014,53.65,53.8,53.11,53.33,1570245
ALXN,1/3/2014,133,134.27,131.65,131.72,683980
AMAT,1/3/2014,17.54,17.7,17.47,17.51,6773030
AMD,1/3/2014,3.98,4,3.88,4,22922478
AME,1/3/2014,52.09,52.6,52.01,52.17,673242
AMGN,1/3/2014,115.7,115.97,114.06,114.47,2075841
AMG,1/3/2014,213.38,215.81,212.47,214.36,192029
AMP,1/3/2014,113.86,114.84,113.41,113.9,979961
AMT,1/3/2014,79.33,80.04,79.32,79.68,1790116
AMZN,1/3/2014,398.29,402.71,396.22,396.44,2213512
ANDV,1/3/2014,57.47,58.02,56.42,57.14,2744311
ANSS,1/3/2014,85.96,86.38,85.34,85.6,320645
ANTM,1/3/2014,90.46,91.06,90.31,90.63,1070003
AON,1/3/2014,82.69,82.98,82.34,82.6,860395
AOS,1/3/2014,26.72,26.87,26.57,26.655,828124
APA,1/3/2014,85.8,86.73,85.375,85.54,2259386
APC,1/3/2014,78.71,79.23,78.14,78.31,2229415
APD,1/3/2014,111.94,112.07,110.73,111.22,1057819
APH,1/3/2014,43.88,44.16,43.815,44.03,766702
ARE,1/3/2014,63.76,64.88,63.59,64.4,361171
ARNC,1/3/2014,31.62,32.01,31.44,31.71,4215957
ATVI,1/3/2014,17.8,18.35,17.64,18.29,7194703
AVB,1/3/2014,117.74,120.29,117.74,119.76,737640
AVGO,1/3/2014,52.45,52.96,51.96,52.85,1166132
AVY,1/3/2014,49.73,49.85,49.42,49.55,770037
AWK,1/3/2014,41.54,41.64,41.155,41.46,819620
AXP,1/3/2014,89.15,90.08,88.63,89.74,3888564
AYI,1/3/2014,107.7,108.56,107.55,108.15,192777
AZO,1/3/2014,474.28,478.58,472.784,475.5,193458
A,1/3/2014,56.39,57.345,56.26,56.92,1866651
BAC,1/3/2014,16.27,16.5,16.23,16.41,130054547
BAX,1/3/2014,69.39,69.67,69.06,69.3,1785301
BA,1/3/2014,137.06,138.5,137.05,137.62,3177498
BBT,1/3/2014,36.87,37.08,36.75,36.93,2176144
BBY,1/3/2014,40.5,40.85,40.3401,40.68,2565178
BDX,1/3/2014,109.33,110.14,109.2501,109.37,419876
BEN,1/3/2014,56.74,57.59,56.72,57.08,1155188
BF.B,1/3/2014,37.44,37.655,37.295,37.465,512510
BIIB,1/3/2014,279.8,280.836,275.48,277.4,655988
BK,1/3/2014,34.61,35.34,34.5809,34.96,4000345
BLK,1/3/2014,311.95,315.99,310.42,314.17,442877
BLL,1/3/2014,25.74,25.94,25.715,25.825,859770
BMY,1/3/2014,52.41,53.18,52.37,52.85,4485149
BRK.B,1/3/2014,117.5,118,117.38,117.57,2694500
BSX,1/3/2014,11.94,11.99,11.865,11.93,7278892
BWA,1/3/2014,54.96,55.1299,54.5,54.89,1155068
BXP,1/3/2014,100.73,102.7,100.07,101.59,686808
CAG,1/3/2014,33.54,33.67,33.42,33.49,1403867
CAH,1/3/2014,66.25,66.91,66.24,66.79,1301196
CAT,1/3/2014,90,90.25,89.59,89.82,3722442
CA,1/3/2014,33.09,33.25,33,33.11,1599190
CBG,1/3/2014,26.33,26.55,26.28,26.4,1158280
CBOE,1/3/2014,51.29,51.9,51.0626,51.66,648582
CBS,1/3/2014,63.19,63.42,62.79,63.14,2226057
CB,1/3/2014,101.91,102.15,101.23,101.44,1120803
CCI,1/3/2014,71.71,72.21,70.91,71.24,3206123
CCL,1/3/2014,39.92,40.02,39.65,39.85,2655895
CDNS,1/3/2014,14.45,14.45,14.16,14.17,4180706
CELG,1/3/2014,85.745,85.895,84.65,84.905,3180758
CERN,1/3/2014,55.08,55.35,54.61,54.7,1039089
CF,1/3/2014,46.882,46.98,46.238,46.416,2272410
CHD,1/3/2014,32.94,32.98,32.58,32.755,1040700
CHK,1/3/2014,26.65,26.72,26.12,26.42,7871684
CHRW,1/3/2014,58.01,58.05,57.07,57.28,1319582
CHTR,1/3/2014,134.86,135.3,133.02,133.37,678734
CINF,1/3/2014,51.5,51.67,51.01,51.13,415547
CI,1/3/2014,86.29,87,86.08,86.4,855413
CLX,1/3/2014,91.72,91.75,90.81,91.49,836992
CL,1/3/2014,64.21,64.49,63.99,64.18,2113729
CMA,1/3/2014,47.01,47.34,46.9,47.08,843485
CMCSA,1/3/2014,25.815,25.855,25.425,25.535,13371360
CME,1/3/2014,78.12,79.55,77.81,79.2,1343255
CMG,1/3/2014,524,534.01,523.48,531.31,409117
CMI,1/3/2014,138.77,140,138.34,139.16,1093209
CMS,1/3/2014,26.35,26.39,26.09,26.29,1790524
CNC,1/3/2014,29.5,29.58,29.29,29.46,551762
CNP,1/3/2014,22.86,23,22.7,22.81,3188368
COF,1/3/2014,77.24,77.6,76.91,77.34,1940049
COG,1/3/2014,38.17,38.54,37.63,37.95,3461493
COL,1/3/2014,73.08,73.88,73.06,73.81,567235
COO,1/3/2014,123.09,124.12,122.465,123.55,218742
COP,1/3/2014,70.08,70.3455,69.83,69.96,3095014
COST,1/3/2014,118.21,118.36,117.13,117.29,1293522
COTY,1/3/2014,15.54,15.78,15.51,15.58,465133
CPB,1/3/2014,42.66,42.78,42.355,42.42,2342658
CRM,1/3/2014,54.93,55.39,54.52,55.12,1968814
CSCO,1/3/2014,22.09,22.12,21.83,21.98,36330724
CSX,1/3/2014,28.27,28.78,28.26,28.43,4632583
CTAS,1/3/2014,59.14,59.8,59.01,59.35,526530
CTL,1/3/2014,31.78,31.81,31.5,31.6,2137339
CTSH,1/3/2014,49.435,49.92,49.105,49.16,3261370
CTXS,1/3/2014,62.09,63.2,62.03,62.48,1689716
CVS,1/3/2014,70.55,70.7802,70.2599,70.55,3885814
CVX,1/3/2014,124.6,124.89,123.86,124.35,3506119
CXO,1/3/2014,103.25,104.24,101.24,102.62,1167374
C,1/3/2014,52.39,53.47,52.31,53.4,26900637
DAL,1/3/2014,28.37,29.36,28.24,29.23,19114454
DE,1/3/2014,90.46,91.25,90.1,90.66,2419634
DFS,1/3/2014,55.34,55.5599,54.97,55.07,1971965
DGX,1/3/2014,52.22,53.16,52.11,52.72,6175407
DG,1/3/2014,61.22,61.765,60.98,60.98,2697770
DHI,1/3/2014,21.95,22.18,21.73,21.75,3724939
DHR,1/3/2014,76.45,76.96,76.33,76.56,1190825
DISCA,1/3/2014,89.1,89.76,88.47,88.58,813778
DISCK,1/3/2014,82.83,83.3,81.94,82.12,160106
DISH,1/3/2014,57.84,58.21,57.18,57.8,1374865
DIS,1/3/2014,76.3,76.697,76.01,76.11,4061042
DLR,1/3/2014,49.82,50.26,49.15,49.83,1215034
DLTR,1/3/2014,56.55,56.92,56.394,56.57,1694169
DOV,1/3/2014,95.45,95.88,94.87,95.22,751228
DPS,1/3/2014,47.89,48.05,47.355,47.6,992912
DRE,1/3/2014,15.03,15.22,15.0118,15.16,1769103
DRI,1/3/2014,53.23,53.5,52.825,53.01,1824586
DTE,1/3/2014,66.03,66.05,64.84,65.13,1281392
DUK,1/3/2014,68.19,68.4,67.71,67.92,2593136
DVA,1/3/2014,64.71,65,64.405,64.47,1241023
DVN,1/3/2014,61.3,61.68,60.8,61.03,1735556
D,1/3/2014,63.58,63.87,63.14,63.51,1739149
EA,1/3/2014,22.88,23.1,22.5,22.68,3112581
EBAY,1/3/2014,54.09,54.19,53.19,53.26,9591227
ECL,1/3/2014,104.1,104.2801,103.78,103.92,554472
ED,1/3/2014,53.58,53.79,52.85,53.45,3774243
EFX,1/3/2014,68.56,69.13,68.55,68.9,314813
EIX,1/3/2014,45.55,45.71,45.29,45.44,2218322
EL,1/3/2014,73.72,74.36,73.6,73.65,802475
EMN,1/3/2014,80.46,80.935,80.12,80.17,941715
EMR,1/3/2014,69.62,69.9,69.24,69.37,1634150
EOG,1/3/2014,82.875,83.325,81.9052,82.28,2693750
EQIX,1/3/2014,174.91,175.41,172.65,173.42,419632
EQR,1/3/2014,52.07,52.605,51.91,52.43,1300208
EQT,1/3/2014,88.53,88.84,86.97,87.58,724210
ESRX,1/3/2014,69.95,70.36,69.79,70,3899182
ESS,1/3/2014,146.57,148.19,146.21,148.19,480537
ES,1/3/2014,41.75,41.85,41.31,41.52,2252000
ETFC,1/3/2014,19.86,20.35,19.83,20.3,3360212
ETN,1/3/2014,75.55,76.09,75.38,75.71,1936371
ETR,1/3/2014,61.05,61.46,60.64,61.03,1748263
EW,1/3/2014,33.015,33.7975,33.01,33.63,2653786
EXC,1/3/2014,26.9,26.97,26.45,26.62,10157328
EXPD,1/3/2014,43.39,43.6496,43.12,43.25,753169
EXPE,1/3/2014,69.22,69.72,68.82,69.2,1315507
EXR,1/3/2014,41.77,42.19,41.55,42.09,604385
FAST,1/3/2014,46.64,47.04,46.19,46.49,1572065
FBHS,1/3/2014,45.59,45.89,45.24,45.58,774229
FB,1/3/2014,55.02,55.65,54.53,54.557,38287706
FCX,1/3/2014,37.5,37.77,37.2401,37.32,7291479
FDX,1/3/2014,140.33,141.15,139.91,140.05,2779587
FE,1/3/2014,32,32.22,31.77,32.01,4152692
FFIV,1/3/2014,89.08,89.29,87.82,88.03,1068169
FISV,1/3/2014,58.17,58.4,57.93,58.04,1082488
FIS,1/3/2014,53.01,53.611,52.87,53.15,969344
FITB,1/3/2014,20.91,21.06,20.85,20.92,4436573
FLIR,1/3/2014,29.08,29.2,28.81,29.02,730534
FLR,1/3/2014,78.9,79.79,78.8,79.15,825157
FLS,1/3/2014,77.5,78.26,77.32,77.86,896180
FL,1/3/2014,40.59,41.45,40.59,41.25,1567472
FMC,1/3/2014,74.33,74.81,74.16,74.27,381450
FOXA,1/3/2014,35.5,35.75,35.16,35.2,6138460
FOX,1/3/2014,35.08,35.12,34.63,34.66,1066731
FRT,1/3/2014,101.13,102.28,100.97,101.93,374045
FTI,1/3/2014,51.39,52.22,51.18,51.9,1736851
F,1/3/2014,15.52,15.64,15.3,15.51,46128798
GD,1/3/2014,94.76,95.37,94.34,94.74,1045589
GE,1/3/2014,27.52,27.6,27.41,27.48,27575932
GGP,1/3/2014,20.05,20.31,20,20.21,2783151
GILD,1/3/2014,75.21,75.25,74.23,74.32,6562234
GIS,1/3/2014,49.41,49.56,49.099,49.26,2309733
GLW,1/3/2014,17.77,17.96,17.769,17.89,7592073
GM,1/3/2014,40.92,40.95,39,39.57,41430487
GOOGL,1/3/2014,558.0575,559.0235,553.0175,553.0525,3335123
GPC,1/3/2014,82.17,82.8,81.6201,82.32,624887
GPN,1/3/2014,33.17,33.485,32.905,33.31,2058802
GPS,1/3/2014,38.86,39.75,38.73,39.52,4437018
GRMN,1/3/2014,45.83,46.695,45.11,46.58,2497576
GS,1/3/2014,176.35,178.85,176.22,178.15,2147480
GT,1/3/2014,23.7,23.73,23.15,23.37,1995514
GWW,1/3/2014,253.07,254.24,251.9,252.84,204831
HAL,1/3/2014,50.02,50.42,49.94,50.13,5323624
HAS,1/3/2014,51.6,54.5,51.6,54.11,848568
HBAN,1/3/2014,9.59,9.68,9.58,9.6,6096687
HBI,1/3/2014,17.3775,17.4425,17.2945,17.3725,1713864
HCA,1/3/2014,47.83,48.93,47.83,48.77,2434656
HCN,1/3/2014,53.28,53.38,52.9,53.05,2160612
HCP,1/3/2014,36.16,36.39,35.95,36.18,2014262
HD,1/3/2014,81.91,82.48,81.83,81.89,3897962
HES,1/3/2014,80.86,81.72,79.97,80.28,1922679
HIG,1/3/2014,35.5,35.9,35.36,35.53,3445197
HII,1/3/2014,87.86,88.54,87.5,88.42,394439
HOG,1/3/2014,68.63,69.24,68.49,68.91,656397
HOLX,1/3/2014,22.13,22.23,22.06,22.19,1662931
HON,1/3/2014,90.49,90.96,90.3303,90.52,1472508
HP,1/3/2014,82.59,83.71,82.33,83.05,746649
HRB,1/3/2014,29.5,29.65,29.11,29.28,1653426
HRL,1/3/2014,22.495,22.56,22.3205,22.455,1358180
HRS,1/3/2014,68.61,69.5,68.4,69.3,502176
HSIC,1/3/2014,56.855,57.15,56.571,56.955,402906
HST,1/3/2014,19.29,19.35,19.04,19.13,6957443
HSY,1/3/2014,95.91,96.19,95.475,95.81,785800
HUM,1/3/2014,102.86,103.04,101.58,101.76,1234442
IBM,1/3/2014,185.83,187.35,185.3,186.64,4064095
ICE,1/3/2014,44.92,45.392,44.894,45.176,4864220
IDXX,1/3/2014,52.795,53.28,52.53,53.145,583722
IFF,1/3/2014,85.79,86.17,85.536,85.92,390180
ILMN,1/3/2014,109.13,109.87,106.791,108.61,1088203
INCY,1/3/2014,51.23,52.23,50.56,51.99,960100
INTC,1/3/2014,25.86,25.9,25.6,25.78,27803865
INTU,1/3/2014,75.75,76.3775,75.53,75.8,998796
IPG,1/3/2014,17.66,17.7,17.595,17.62,2434571
IP,1/3/2014,48.8,48.94,48.47,48.62,2326284
IQV,1/3/2014,45.94,46.54,45.66,46.29,261358
IRM,1/3/2014,29.59,29.755,29.26,29.43,1073642
IR,1/3/2014,61.17,61.64,61.04,61.32,1503040
ISRG,1/3/2014,126.7832,127.5565,124.2465,124.4865,1034883
ITW,1/3/2014,83.21,84.12,83.15,83.74,1393270
IT,1/3/2014,69.94,70.564,69.65,69.74,347647
IVZ,1/3/2014,36.02,36.28,35.975,36.12,2036579
JBHT,1/3/2014,76.87,77.43,76.6,77.29,527797
JCI,1/3/2014,42.5759,42.7958,42.1361,42.3455,2331366
JEC,1/3/2014,62.84,62.99,62.03,62.29,1265815
JNJ,1/3/2014,91.29,92.22,91.26,91.85,5637762
JNPR,1/3/2014,22.55,22.82,22.395,22.77,4879787
JPM,1/3/2014,58.29,58.95,58.21,58.66,14220320
JWN,1/3/2014,61.95,62.56,61.73,62.17,807026
KEY,1/3/2014,13.32,13.44,13.26,13.32,5571091
KIM,1/3/2014,19.73,20.04,19.73,19.94,3176019
KLAC,1/3/2014,63.36,63.91,63.085,63.47,765993
KMB,1/3/2014,104.31,104.92,103.95,104.35,1344238
KMI,1/3/2014,35.91,36.11,35.75,35.97,2736435
KMX,1/3/2014,46.84,46.91,46.11,46.44,1457796
KORS,1/3/2014,82.42,83.5,82.41,82.51,1901747
KO,1/3/2014,40.68,40.73,40.35,40.46,10403834
KR,1/3/2014,19.7,19.7,19.525,19.55,5671380
KSS,1/3/2014,56.91,57.14,56.64,56.86,1760136
KSU,1/3/2014,120.28,121.71,119.3,119.77,592376
K,1/3/2014,60.99,61.08,60.54,60.58,1413685
LB,1/3/2014,61.63,62.25,61.35,61.48,798600
LEG,1/3/2014,30.76,30.939,30.66,30.71,535508
LEN,1/3/2014,38.7059,39.1569,38.0784,38.0882,3202049
LH,1/3/2014,90.34,91.85,90.32,90.77,546885
LKQ,1/3/2014,32.48,32.6721,32.18,32.26,601601
LLL,1/3/2014,105.13,105.851,105.026,105.38,369001
LLY,1/3/2014,50.78,51.2,50.67,51.1,4006252
LMT,1/3/2014,146.5,147.33,146.475,147.06,843422
LNC,1/3/2014,50.64,51.16,50.58,50.8,2588320
LNT,1/3/2014,25.465,25.5,25.21,25.345,894340
LOW,1/3/2014,49.41,49.53,48.83,48.95,4257787
LRCX,1/3/2014,54.03,54.28,53.65,53.94,891898
LUK,1/3/2014,28.47,28.64,28.26,28.37,870233
LUV,1/3/2014,18.95,19.51,18.95,19.42,8708777
LYB,1/3/2014,78.95,79.13,78.33,78.71,1528547
L,1/3/2014,47.38,47.57,47.21,47.26,624037
MAA,1/3/2014,61.16,61.94,61.07,61.71,282093
MAC,1/3/2014,58.24,58.995,58.15,58.69,1028822
MAR,1/3/2014,49,49.17,48.64,48.65,1248205
MAS,1/3/2014,22.77,23.2,22.71,23.16,3187798
MAT,1/3/2014,47.37,47.5,46.66,46.87,3743516
MA,1/3/2014,83.414,83.58,82.6,83.081,6439160
MCD,1/3/2014,96.9,97.03,96.5,96.54,2966051
MCHP,1/3/2014,44.33,44.65,44.19,44.54,1133118
MCK,1/3/2014,160.25,162.1,160.1101,160.71,2156183
MCO,1/3/2014,77.22,78.07,76.77,77.83,905469
MDLZ,1/3/2014,34.78,35.01,34.63,34.75,5300668
MDT,1/3/2014,58.2,58.495,57.705,58.34,12577592
MET,1/3/2014,53.86,54.04,53.38,53.81,3682439
MGM,1/3/2014,23.83,23.89,23.25,23.45,5955544
MHK,1/3/2014,149.19,150.26,148.93,149.45,521291
MKC,1/3/2014,68.5,68.82,68.33,68.55,348071
MLM,1/3/2014,99.45,100.566,99.12,99.38,156247
MMC,1/3/2014,47.7,48.06,47.61,47.85,1598391
MMM,1/3/2014,138.37,138.8799,138.03,138.45,2133336
MNST,1/3/2014,22.7666,22.7666,22.4166,22.5066,4854468
MON,1/3/2014,115.98,116.8,115.034,116.35,1698950
MOS,1/3/2014,47.13,47.21,46.79,46.83,1689503
MO,1/3/2014,37.97,38.11,37.65,37.72,5361433
MPC,1/3/2014,44.895,45.1249,43.89,44.13,4357374
MRK,1/3/2014,49.49,50,49.46,49.73,6435094
MRO,1/3/2014,34.85,35.04,34.43,34.52,3491899
MSFT,1/3/2014,37.2,37.22,36.6,36.91,31134795
MSI,1/3/2014,66.49,66.64,66.16,66.2,801587
MS,1/3/2014,31.17,31.7,31.133,31.51,7811091
MTB,1/3/2014,115.24,115.65,115.04,115.21,741591
MTD,1/3/2014,241.17,243.88,239.03,242.71,149884
MU,1/3/2014,21.2,21.43,20.9,20.97,34637031
MYL,1/3/2014,42.4,42.92,42.35,42.72,1876910
M,1/3/2014,53.36,54,53.32,53.54,2492194
NBL,1/3/2014,66.76,67.302,65.87,66.14,1755197
NCLH,1/3/2014,34.83,35.04,34.41,34.64,484741
NDAQ,1/3/2014,39.29,39.98,39.29,39.78,1222295
NEE,1/3/2014,84.26,84.74,83.97,84.36,1651597
NEM,1/3/2014,24.17,24.285,23.88,23.92,10234947
NFLX,1/3/2014,51.9999,52.4956,51.8428,51.8714,10818885
NFX,1/3/2014,24.37,24.7,24.195,24.39,1663029
NI,1/3/2014,32.35,32.57,32.165,32.46,1745586
NKE,1/3/2014,39.075,39.315,38.98,39.015,5596994
NLSN,1/3/2014,45.22,45.52,45.22,45.35,1150409
NOC,1/3/2014,113.23,114.46,113.23,113.58,1278925
NOV,1/3/2014,79.05,79.84,78.74,78.75,1916517
NRG,1/3/2014,28.58,28.85,28.58,28.66,2473410
NSC,1/3/2014,91.8,92.53,91.135,91.37,1016145
NTAP,1/3/2014,40.38,40.62,40.22,40.33,1475620
NTRS,1/3/2014,61.2,61.6,60.986,61.3,873087
NUE,1/3/2014,52.75,52.94,52.51,52.78,849045
NVDA,1/3/2014,15.89,15.9201,15.62,15.67,6483288
NWL,1/3/2014,32.18,32.525,32.1501,32.4,1786596
NWSA,1/3/2014,17.93,18.01,17.78,17.82,2016620
NWS,1/3/2014,17.95,17.95,17.62,17.73,431552
OKE,1/3/2014,61.18,61.56,61,61.32,710023
OMC,1/3/2014,73.78,74.2,73.2801,73.78,1079400
ORCL,1/3/2014,37.65,37.86,37.56,37.62,11693898
ORLY,1/3/2014,128.66,129.97,128.48,129.04,472932
OXY,1/3/2014,93.91,94.2499,92.88,93.52,2848082
O,1/3/2014,37.43,37.81,37.42,37.73,1230459
PAYX,1/3/2014,45.23,45.51,45.0675,45.22,1808913
PBCT,1/3/2014,15.04,15.08,14.98,15.06,2271393
PCAR,1/3/2014,58.61,59.04,58.285,58.63,1076446
PCG,1/3/2014,39.72,39.85,39.425,39.6,2824616
PCLN,1/3/2014,1147,1152.69,1131.44,1132.68,624006
PDCO,1/3/2014,40.94,41.46,40.83,41.33,672621
PEG,1/3/2014,31.71,31.72,31.29,31.43,3898909
PEP,1/3/2014,82.12,82.87,82.12,82.24,3288547
PFE,1/3/2014,30.39,30.83,30.38,30.52,15036749
PFG,1/3/2014,48.84,49.13,48.72,48.96,771002
PGR,1/3/2014,26.7,26.77,26.23,26.34,3155794
PG,1/3/2014,80.76,80.85,80.185,80.45,6925922
PHM,1/3/2014,20.12,20.38,19.98,20.04,3716941
PH,1/3/2014,127.55,128.46,126.94,127.25,683338
PKG,1/3/2014,63.11,63.61,62.83,62.97,588075
PKI,1/3/2014,41.14,41.6,41,41.21,802254
PLD,1/3/2014,36.84,37.36,36.83,37.24,1840099
PM,1/3/2014,86.25,86.5,85.51,85.53,3846961
PNC,1/3/2014,76.81,77.23,76.67,76.96,1362219
PNR,1/3/2014,76.88,77.57,76.57,76.63,939952
PNW,1/3/2014,52.19,52.37,51.84,52.07,861273
PPG,1/3/2014,94.7,95.05,94.44,94.705,814210
PPL,1/3/2014,30.02,30.06,29.4,29.62,4209477
PRGO,1/3/2014,152.99,154.38,152.61,154.23,712255
PRU,1/3/2014,90.06,91.05,90,90.21,1660229
PSA,1/3/2014,149.12,150.71,148.34,150.11,517915
PSX,1/3/2014,76.36,76.99,76.15,76.29,1958161
PVH,1/3/2014,136.59,138.94,136.45,137.62,616145
PWR,1/3/2014,31.29,31.44,31.15,31.35,951927
PXD,1/3/2014,176.32,178.33,173.9,176.05,1211011
PX,1/3/2014,129.5,130,129.36,129.68,737579
QCOM,1/3/2014,73.33,73.48,72.44,72.89,7970403
RCL,1/3/2014,47.27,47.47,46.94,47.17,698437
REGN,1/3/2014,274.52,276.825,271.205,271.75,392042
REG,1/3/2014,45.93,46.935,45.93,46.79,845696
RE,1/3/2014,151.09,151.76,150.455,151.05,316857
RF,1/3/2014,9.92,9.96,9.83,9.87,6675157
RHI,1/3/2014,41.56,41.99,41.375,41.55,903355
RHT,1/3/2014,55.9,56.24,55.45,55.78,1103504
RJF,1/3/2014,51.62,52.23,51.57,52.15,547183
RL,1/3/2014,175.75,178.59,175.37,177.19,665931
RMD,1/3/2014,46.85,47.5,46.585,46.75,958001
ROK,1/3/2014,116.61,118.01,116.445,117.83,606627
ROP,1/3/2014,138.05,139.03,137.56,138.23,357277
ROST,1/3/2014,37.16,37.425,37.05,37.165,2202848
RRC,1/3/2014,82,82.5,80.4,80.53,1812680
RSG,1/3/2014,33.03,33.115,32.8,32.98,1363758
RTN,1/3/2014,88.94,89.54,88.57,88.82,1287885
SBAC,1/3/2014,88.4,88.99,87.775,87.81,524517
SBUX,1/3/2014,38.74,38.885,38.47,38.475,6545626
SCG,1/3/2014,46.06,46.2149,45.6438,45.96,813972
SCHW,1/3/2014,25.84,26.04,25.7,25.9,3367733
SEE,1/3/2014,33.7,33.87,33.5,33.67,946108
SHW,1/3/2014,181.86,184.02,181.72,182.8,407228
SIG,1/3/2014,78.93,79.8699,78.48,78.72,595469
SJM,1/3/2014,102.05,102.324,101.37,101.51,620874
SLB,1/3/2014,88.94,89.35,88.21,88.35,4212010
SLG,1/3/2014,92.07,93.65,91.97,92.81,689966
SNA,1/3/2014,108.73,109.29,108.47,108.76,155235
SNI,1/3/2014,85.66,86.07,84.93,84.98,510617
SNPS,1/3/2014,40.51,40.7,40.34,40.62,818415
SO,1/3/2014,40.67,40.76,40.27,40.47,4198351
SPGI,1/3/2014,77.83,77.875,76.96,77.54,946591
SPG,1/3/2014,152.14,154.55,151.56,153.95,1143502
SRCL,1/3/2014,115.06,115.66,113.98,115.05,516744
SRE,1/3/2014,88.41,89.15,88.1101,88.8,1177189
STI,1/3/2014,36.53,36.81,36.4,36.55,1922306
STT,1/3/2014,73.17,74.99,73.17,74.7,2059539
STX,1/3/2014,55.61,57.14,55.31,56.82,3049357
STZ,1/3/2014,69.55,70.09,69.2,69.39,741699
SWKS,1/3/2014,27.4,27.75,27.4,27.72,1974176
SWK,1/3/2014,80.37,80.9,80.21,80.38,873988
SYK,1/3/2014,74.02,75.18,74.02,74.84,719536
SYMC,1/3/2014,23.42,23.4701,23.1,23.11,4815938
SYY,1/3/2014,35.99,36.22,35.81,36.05,2851646
TAP,1/3/2014,55.36,55.44,54.73,55.01,802581
TDG,1/3/2014,159.65,162.07,159.4,160.91,192861
TEL,1/3/2014,54.5,54.7,54.26,54.49,1160139
TGT,1/3/2014,63.62,63.89,63.4,63.49,4589380
TIF,1/3/2014,92.42,92.61,92,92.28,599622
TJX,1/3/2014,63.26,64.1401,63.25,63.6,1651849
TMK,1/3/2014,51.64,51.9,51.42,51.72,456534
TMO,1/3/2014,109.96,110.48,109.67,110.05,1486448
TPR,1/3/2014,56,56.72,55.82,56.24,2006070
TRIP,1/3/2014,80.5,81.34,79.71,80.92,1284502
TROW,1/3/2014,82.66,83.67,82.455,83.3,776894
TRV,1/3/2014,89.3,89.665,88.88,89.16,1448583
TSCO,1/3/2014,76.56,76.87,76.09,76.48,743727
TSN,1/3/2014,33.28,33.665,33.03,33.42,1519196
TSS,1/3/2014,32.91,32.99,32.67,32.85,679409
TWX,1/3/2014,68.79,69.28,68.54,68.67,2507357
TXN,1/3/2014,43.12,43.46,42.97,43.29,4693347
TXT,1/3/2014,36.34,36.94,35.89,36.31,2379909
T,1/3/2014,35.15,35.16,34.61,34.8,24622450
UAA,1/3/2014,21.745,21.87,21.6656,21.7475,2192892
UAL,1/3/2014,38.44,40.15,38.21,39.95,7080683
UDR,1/3/2014,23.23,23.75,23.2022,23.68,1429735
UHS,1/3/2014,80.71,82.46,80.71,81.51,645814
ULTA,1/3/2014,95.9,97.03,94.6599,94.92,708228
UNH,1/3/2014,74.8,75.76,74.6,75.1,3206426
UNM,1/3/2014,34.4,34.59,34.25,34.34,852745
UNP,1/3/2014,83.71,84.38,83.1225,83.425,2411564
UPS,1/3/2014,103.48,103.94,103.05,103.09,3719550
URI,1/3/2014,76.58,77.43,76.45,77.16,1569400
USB,1/3/2014,39.87,40.215,39.78,40.06,4454991
UTX,1/3/2014,112.95,113.51,112.73,112.9,2314891
VAR,1/3/2014,77.29,77.8526,77.29,77.48,633948
VFC,1/3/2014,62.14,62.49,61.739,62.11,1771650
VIAB,1/3/2014,86.89,87.19,86.47,86.6,1554206
VLO,1/3/2014,49.95,49.98,48.975,49.35,4340909
VMC,1/3/2014,58.74,59.65,58.55,58.59,436780
VNO,1/3/2014,88.64,90.02,88.28,89.57,643215
VRSK,1/3/2014,65.03,65.5,64.96,65.13,532119
VRSN,1/3/2014,60.09,60.51,59.68,59.84,2203587
VRTX,1/3/2014,74.01,74.63,73.17,73.45,799560
VTR,1/3/2014,57.03,57.105,56.63,56.79,1163080
VZ,1/3/2014,49.33,49.33,48.22,48.42,12024205
V,1/3/2014,55.4375,55.6225,55.0575,55.29,7809816
WAT,1/3/2014,99.13,99.78,97.895,98.04,1197541
WBA,1/3/2014,56.99,57.06,56.345,56.82,4261493
WDC,1/3/2014,82.63,83.72,82.22,83.28,1576245
WEC,1/3/2014,40.75,40.919,40.41,40.68,1209142
WFC,1/3/2014,44.99,45.48,44.98,45.34,14693755
WHR,1/3/2014,156.29,158.56,156.29,156.9,442436
WMB,1/3/2014,38.25,38.39,37.77,38.03,4621525
WMT,1/3/2014,78.81,79.13,78.52,78.65,4958031
WM,1/3/2014,44.25,44.46,44,44.19,1463366
WU,1/3/2014,17.07,17.15,16.85,16.92,4222455
WYNN,1/3/2014,198.15,198.7499,195.12,196,1169540
WYN,1/3/2014,73.53,73.79,72.33,72.49,1092032
WY,1/3/2014,31.18,31.59,31.18,31.34,1945874
XEC,1/3/2014,100.85,102.37,98.625,101.25,861165
XEL,1/3/2014,27.48,27.635,27.38,27.5,2939378
XLNX,1/3/2014,45.91,46,45.46,45.62,1982702
XL,1/3/2014,31.28,31.39,30.78,30.81,2512472
XOM,1/3/2014,99.77,100.1699,99.141,99.51,9295650
XRAY,1/3/2014,48.24,48.43,47.96,48.19,623289
XRX,1/3/2014,47.72,48.16,47.4,47.96,1820663
XYL,1/3/2014,34.15,34.85,34.15,34.47,454495
YUM,1/3/2014,75.46,76.1,75,75.56,1457058
ZBH,1/3/2014,92.58,93.89,92.41,92.64,1288207
ZION,1/3/2014,29.74,29.91,29.17,29.86,1122452
ZTS,1/3/2014,32.34,32.5,32.02,32.05,2524947
AAL,1/6/2014,26.62,27.2,26.6,27.03,11272273
AAPL,1/6/2014,76.7785,78.1142,76.2285,77.7042,103359151
AAP,1/6/2014,113.1,113.91,111.44,111.8,1030190
ABBV,1/6/2014,52.7,52.7,50.03,50.39,11871094
ABC,1/6/2014,70.34,70.54,69.35,69.69,1301393
ABT,1/6/2014,39.19,39.69,39.11,39.15,10130748
ACN,1/6/2014,81.31,81.5,80.44,80.54,2312283
ADBE,1/6/2014,58.06,58.77,58.01,58.12,3753914
ADI,1/6/2014,49.35,49.5,49.15,49.33,2165027
ADM,1/6/2014,43.42,43.58,43.117,43.28,4182854
ADP,1/6/2014,80.61,80.97,79.39,79.81,1535046
ADSK,1/6/2014,48.98,49.29,48.29,48.55,1856499
ADS,1/6/2014,264.05,264.08,258.08,258.29,668902
AEE,1/6/2014,35.7,35.82,35.42,35.76,2837469
AEP,1/6/2014,46.14,46.36,45.92,46.08,2223614
AES,1/6/2014,14.34,14.445,14.13,14.34,5066996
AET,1/6/2014,68.19,68.34,67.16,67.52,2055882
AFL,1/6/2014,66.2,66.275,64.32,64.88,4244179
AGN,1/6/2014,169.52,171.47,167.005,167.93,962130
AIG,1/6/2014,51.55,51.58,50.48,50.52,9265551
AIV,1/6/2014,25.89,26.07,25.63,25.95,2265323
AIZ,1/6/2014,66.18,66.54,65.881,66.18,660057
AJG,1/6/2014,46.29,46.41,45.885,46.12,638713
AKAM,1/6/2014,46.4,46.58,45.8,46.11,1754527
ALB,1/6/2014,63.37,63.37,62.385,63.11,842709
ALGN,1/6/2014,57.65,61.09,57.5,59.9,2293672
ALK,1/6/2014,37.63,37.8,36.925,37.015,1437232
ALLE,1/6/2014,43.97,43.98,43.37,43.68,597834
ALL,1/6/2014,53.54,53.68,52.83,53.12,2695962
ALXN,1/6/2014,131.66,132,127.7,129.86,1088027
AMAT,1/6/2014,17.5,17.51,17.22,17.29,9975530
AMD,1/6/2014,4.01,4.18,3.99,4.13,42430476
AME,1/6/2014,52.6,52.73,51.69,51.88,659140
AMGN,1/6/2014,114.47,114.92,113.12,113.48,2838138
